718552017187176448,Fri Apr 08 21:32:05 +0000 2016,17,proving,1,,0
718551892389949440,Fri Apr 08 21:31:35 +0000 2016,24,enjoying,1,,0
718551786559119360,Fri Apr 08 21:31:10 +0000 2016,19,comprehensive,1,,0
718551738601627651,Fri Apr 08 21:30:59 +0000 2016,10,well,1,,0
718551568598044672,Fri Apr 08 21:30:18 +0000 2016,12,beautiful,1,,0
718551539128922113,Fri Apr 08 21:30:11 +0000 2016,3,,0,fuck,1
718292685287727104,Fri Apr 08 04:21:36 +0000 2016,19,,0,violent,1
718268470077603840,Fri Apr 08 02:45:22 +0000 2016,14,liked,1,,0
718268345993269249,Fri Apr 08 02:44:53 +0000 2016,19,,0,dragging,1
718269909084594177,Fri Apr 08 02:51:05 +0000 2016,23,joy,1,,0
718269908497395714,Fri Apr 08 02:51:05 +0000 2016,23,joy,1,,0
718269904814739458,Fri Apr 08 02:51:04 +0000 2016,18,,0,killer,1
718521784379785216,Fri Apr 08 19:31:57 +0000 2016,10,,0,scandals,1
718503706807836677,Fri Apr 08 18:20:07 +0000 2016,9,,0,slap,1
718572447692247040,Fri Apr 08 22:53:16 +0000 2016,15,wow,1,,0
718572430432870400,Fri Apr 08 22:53:12 +0000 2016,23,,0,doubt,1
718451007206756353,Fri Apr 08 14:50:42 +0000 2016,11,,0,disingenuous,1
718269175156842496,Fri Apr 08 02:48:10 +0000 2016,13,winning,1,,0
718269173940514816,Fri Apr 08 02:48:10 +0000 2016,16,,0,sick,1
718556493969244160,Fri Apr 08 21:49:52 +0000 2016,17,,0,disgusting|lies,2
718444791101399040,Fri Apr 08 14:26:00 +0000 2016,13,liked,1,,0
718444758016794624,Fri Apr 08 14:25:53 +0000 2016,15,congratulations,1,,0
718444754489376768,Fri Apr 08 14:25:52 +0000 2016,14,undaunted,1,,0
718444612168200192,Fri Apr 08 14:25:18 +0000 2016,13,wow,1,,0
718444588034162690,Fri Apr 08 14:25:12 +0000 2016,16,,0,lost,1
718471420242739200,Fri Apr 08 16:11:49 +0000 2016,4,interesting,1,,0
718471410432221184,Fri Apr 08 16:11:47 +0000 2016,17,well,1,,0
718471371525742592,Fri Apr 08 16:11:38 +0000 2016,10,pretty,1,,0
718471239153508353,Fri Apr 08 16:11:06 +0000 2016,16,great,1,,0
718471209294237696,Fri Apr 08 16:10:59 +0000 2016,13,liked,1,,0
718471181905620992,Fri Apr 08 16:10:52 +0000 2016,19,elite,1,,0
718471114947563520,Fri Apr 08 16:10:37 +0000 2016,22,happy,1,,0
718471057825357825,Fri Apr 08 16:10:23 +0000 2016,16,good,1,,0
718471037374099456,Fri Apr 08 16:10:18 +0000 2016,10,,0,racist,1
718543641019555840,Fri Apr 08 20:58:48 +0000 2016,6,clear,1,,0
718543490737541120,Fri Apr 08 20:58:12 +0000 2016,20,like,1,,0
718543460387708928,Fri Apr 08 20:58:05 +0000 2016,7,cool,1,,0
718543423020539904,Fri Apr 08 20:57:56 +0000 2016,20,,0,attacks,1
718549366252773376,Fri Apr 08 21:21:33 +0000 2016,19,like,1,,0
718549360229924864,Fri Apr 08 21:21:32 +0000 2016,15,,0,breaking,1
718321428802768896,Fri Apr 08 06:15:49 +0000 2016,13,,0,bruised,1
718283356442595334,Fri Apr 08 03:44:31 +0000 2016,18,,0,silly,1
718448649181769728,Fri Apr 08 14:41:20 +0000 2016,23,,0,sorry,1
718542712446787585,Fri Apr 08 20:55:07 +0000 2016,19,,0,ironic,1
718580986976415744,Fri Apr 08 23:27:12 +0000 2016,24,like,1,,0
718580952218386433,Fri Apr 08 23:27:04 +0000 2016,17,,0,funny,1
718523272124620800,Fri Apr 08 19:37:52 +0000 2016,23,,0,unfortunately,1
718428690225307652,Fri Apr 08 13:22:02 +0000 2016,20,,0,delay,1
718296855730397184,Fri Apr 08 04:38:10 +0000 2016,5,great,1,,0
718296735781675008,Fri Apr 08 04:37:41 +0000 2016,23,like,1,,0
718432607134949376,Fri Apr 08 13:37:36 +0000 2016,6,whoa,1,,0
718432606954647553,Fri Apr 08 13:37:35 +0000 2016,22,glad,1,,0
718432510342901760,Fri Apr 08 13:37:12 +0000 2016,13,,0,hardball,1
718529051141476353,Fri Apr 08 20:00:50 +0000 2016,20,love,1,,0
718528943016579072,Fri Apr 08 20:00:24 +0000 2016,16,thank,1,,0
718528748421664768,Fri Apr 08 19:59:37 +0000 2016,20,well,1,,0
718528556834402304,Fri Apr 08 19:58:52 +0000 2016,12,,0,hell,1
718442622801600513,Fri Apr 08 14:17:23 +0000 2016,21,pretty,1,,0
718442545529954304,Fri Apr 08 14:17:05 +0000 2016,12,,0,hell,1
718502551960686592,Fri Apr 08 18:15:32 +0000 2016,11,,0,blame,1
718398701144825859,Fri Apr 08 11:22:52 +0000 2016,18,liked,1,,0
718398648783126528,Fri Apr 08 11:22:39 +0000 2016,16,top,1,,0
718398500937945089,Fri Apr 08 11:22:04 +0000 2016,16,good,1,,0
718398249565077504,Fri Apr 08 11:21:04 +0000 2016,18,like,1,,0
718398087006457857,Fri Apr 08 11:20:25 +0000 2016,19,liked,1,,0
718397395919310848,Fri Apr 08 11:17:41 +0000 2016,3,wow,1,,0
718397375702806528,Fri Apr 08 11:17:36 +0000 2016,13,liked,1,,0
718397309814501376,Fri Apr 08 11:17:20 +0000 2016,13,,0,issues,1
718568166171906048,Fri Apr 08 22:36:15 +0000 2016,15,wow,1,,0
718568043614380032,Fri Apr 08 22:35:46 +0000 2016,15,wow,1,,0
718568015604948993,Fri Apr 08 22:35:39 +0000 2016,18,wow,1,,0
718567970419572736,Fri Apr 08 22:35:29 +0000 2016,15,wow,1,,0
718567937435635712,Fri Apr 08 22:35:21 +0000 2016,21,pretty,1,,0
718567932180037633,Fri Apr 08 22:35:20 +0000 2016,3,,0,fuck,1
718563906478845954,Fri Apr 08 22:19:20 +0000 2016,18,leading,1,,0
718563817727209472,Fri Apr 08 22:18:59 +0000 2016,9,greatest,1,,0
718563721967230976,Fri Apr 08 22:18:36 +0000 2016,13,,0,breaking,1
718303472442044416,Fri Apr 08 05:04:27 +0000 2016,11,love,1,,0
718303464779051008,Fri Apr 08 05:04:26 +0000 2016,16,like,1,,0
718303173560123396,Fri Apr 08 05:03:16 +0000 2016,23,respect,1,,0
718303069092581376,Fri Apr 08 05:02:51 +0000 2016,10,super,1,,0
718483742566821889,Fri Apr 08 17:00:47 +0000 2016,2,interesting,1,,0
718483702548979717,Fri Apr 08 17:00:38 +0000 2016,15,,0,breaking,1
718307635880136704,Fri Apr 08 05:21:00 +0000 2016,20,interesting,1,,0
718307603646935040,Fri Apr 08 05:20:52 +0000 2016,16,love,1,,0
718307501452697601,Fri Apr 08 05:20:28 +0000 2016,10,,0,scandal,1
718587507231707138,Fri Apr 08 23:53:07 +0000 2016,19,wow,1,,0
718587355884556288,Fri Apr 08 23:52:31 +0000 2016,7,good,1,,0
718587300100337664,Fri Apr 08 23:52:17 +0000 2016,8,trust,1,,0
718587242328014850,Fri Apr 08 23:52:03 +0000 2016,9,well,1,,0
718586815779721216,Fri Apr 08 23:50:22 +0000 2016,15,liked,1,,0
718586786528817152,Fri Apr 08 23:50:15 +0000 2016,13,,0,losing,1
718279157805932545,Fri Apr 08 03:27:50 +0000 2016,19,,0,disappointed,1
718507135898746880,Fri Apr 08 18:33:45 +0000 2016,13,splendid,1,,0
718507029858492416,Fri Apr 08 18:33:19 +0000 2016,21,,0,crazy,1
718480522943422465,Fri Apr 08 16:48:00 +0000 2016,17,brilliant,1,,0
718480498415181825,Fri Apr 08 16:47:54 +0000 2016,17,liked,1,,0
718480492681682944,Fri Apr 08 16:47:52 +0000 2016,17,,0,breaking,1
718534531775500288,Fri Apr 08 20:22:36 +0000 2016,14,enjoyed,1,,0
718534419305361409,Fri Apr 08 20:22:09 +0000 2016,13,amazing,1,,0
718534403329142784,Fri Apr 08 20:22:06 +0000 2016,15,favorite,1,,0
718534340569739264,Fri Apr 08 20:21:51 +0000 2016,23,wow,1,,0
718534303035035649,Fri Apr 08 20:21:42 +0000 2016,18,,0,weak,1
718317636287930368,Fri Apr 08 06:00:44 +0000 2016,10,free,1,,0
718317627391766529,Fri Apr 08 06:00:42 +0000 2016,7,sexy|sweet,2,,0
718317536471838720,Fri Apr 08 06:00:21 +0000 2016,25,,0,excuse,1
718323249453600768,Fri Apr 08 06:23:03 +0000 2016,13,healthy,1,,0
718323099591143424,Fri Apr 08 06:22:27 +0000 2016,15,,0,dark,1
718477864895557633,Fri Apr 08 16:37:26 +0000 2016,18,wonder,1,,0
718477796226572288,Fri Apr 08 16:37:09 +0000 2016,16,important,1,,0
718477543112839170,Fri Apr 08 16:36:09 +0000 2016,8,,0,murder,1
718403223128784896,Fri Apr 08 11:40:50 +0000 2016,16,liked,1,,0
718402913253605376,Fri Apr 08 11:39:36 +0000 2016,16,liked,1,,0
718402674446712833,Fri Apr 08 11:38:39 +0000 2016,17,,0,vice,1
718466822664798212,Fri Apr 08 15:53:33 +0000 2016,13,superb,1,,0
718466682910543874,Fri Apr 08 15:53:00 +0000 2016,16,excellent,1,,0
718466658499747842,Fri Apr 08 15:52:54 +0000 2016,11,,0,rogue,1
718550771541876736,Fri Apr 08 21:27:08 +0000 2016,10,progressive,1,,0
718550618755862528,Fri Apr 08 21:26:32 +0000 2016,4,excellent,1,,0
718550544239820800,Fri Apr 08 21:26:14 +0000 2016,13,liked,1,,0
718550518302449664,Fri Apr 08 21:26:08 +0000 2016,19,hot,1,,0
718550513307033602,Fri Apr 08 21:26:07 +0000 2016,9,,0,outrage,1
718424817532334080,Fri Apr 08 13:06:38 +0000 2016,12,love,1,,0
718424766919483392,Fri Apr 08 13:06:26 +0000 2016,10,progressive,1,,0
718424715426193409,Fri Apr 08 13:06:14 +0000 2016,13,,0,breaking,1
718514932464099328,Fri Apr 08 19:04:43 +0000 2016,15,,0,vice,1
718405292443230208,Fri Apr 08 11:49:03 +0000 2016,17,,0,vice,1
718493307593166848,Fri Apr 08 17:38:48 +0000 2016,13,,0,dick,1
718562504142561280,Fri Apr 08 22:13:45 +0000 2016,17,whoa,1,,0
718562159840620544,Fri Apr 08 22:12:23 +0000 2016,15,,0,vice,1
718476505534373888,Fri Apr 08 16:32:02 +0000 2016,18,,0,ridiculous,1
718312429541855233,Fri Apr 08 05:40:03 +0000 2016,17,classy,1,,0
718312394255110144,Fri Apr 08 05:39:55 +0000 2016,15,,0,disgusted,1
718296673244549120,Fri Apr 08 04:37:26 +0000 2016,11,great,1,,0
718296418780344321,Fri Apr 08 04:36:26 +0000 2016,17,top,1,,0
718296347171008514,Fri Apr 08 04:36:09 +0000 2016,16,liked,1,,0
718296246369329152,Fri Apr 08 04:35:45 +0000 2016,12,wow,1,,0
718296078114779138,Fri Apr 08 04:35:04 +0000 2016,17,liked,1,,0
718296053695569925,Fri Apr 08 04:34:59 +0000 2016,17,liked,1,,0
718295958916898816,Fri Apr 08 04:34:36 +0000 2016,22,wow,1,,0
718295898007212032,Fri Apr 08 04:34:22 +0000 2016,9,wonder,1,,0
718295896467836929,Fri Apr 08 04:34:21 +0000 2016,17,great,1,,0
718295800137256960,Fri Apr 08 04:33:58 +0000 2016,7,,0,disappointed,1
718272731628888064,Fri Apr 08 03:02:18 +0000 2016,25,,0,worry,1
718455068496777216,Fri Apr 08 15:06:51 +0000 2016,15,great,1,,0
718454988687732736,Fri Apr 08 15:06:32 +0000 2016,18,amazing,1,,0
718454966562734081,Fri Apr 08 15:06:26 +0000 2016,19,nice,1,,0
718454935382335488,Fri Apr 08 15:06:19 +0000 2016,17,glad,1,,0
718454801240035329,Fri Apr 08 15:05:47 +0000 2016,5,qualified,1,,0
718454697158246401,Fri Apr 08 15:05:22 +0000 2016,12,,0,lame,1
718427428352299010,Fri Apr 08 13:17:01 +0000 2016,11,qualify,1,,0
718427315131269120,Fri Apr 08 13:16:34 +0000 2016,22,,0,hard,1
718421766859833344,Fri Apr 08 12:54:31 +0000 2016,10,,0,fuck,1
718298036531765250,Fri Apr 08 04:42:51 +0000 2016,20,love,1,,0
718298026956210176,Fri Apr 08 04:42:49 +0000 2016,16,thank,1,,0
718297886761611264,Fri Apr 08 04:42:16 +0000 2016,9,,0,allergies,1
718530241325477892,Fri Apr 08 20:05:33 +0000 2016,13,,0,breaking,1
718486995329163266,Fri Apr 08 17:13:43 +0000 2016,21,liked,1,,0
718486937581932544,Fri Apr 08 17:13:29 +0000 2016,11,,0,protest,1
718490768701276160,Fri Apr 08 17:28:42 +0000 2016,3,,0,weird,1
718491990246211584,Fri Apr 08 17:33:34 +0000 2016,11,right,1,,0
718491740420907008,Fri Apr 08 17:32:34 +0000 2016,12,liked,1,,0
718491689824817152,Fri Apr 08 17:32:22 +0000 2016,16,liked,1,,0
718491629854793729,Fri Apr 08 17:32:08 +0000 2016,6,top,1,,0
718491567003209729,Fri Apr 08 17:31:53 +0000 2016,10,progressive,1,,0
718491539912159233,Fri Apr 08 17:31:46 +0000 2016,16,,0,crime,1
718570867358363648,Fri Apr 08 22:46:59 +0000 2016,22,love,1,,0
718570729105559554,Fri Apr 08 22:46:26 +0000 2016,12,great,1,,0
718570683895296000,Fri Apr 08 22:46:16 +0000 2016,15,,0,conservative,1
718439395444047872,Fri Apr 08 14:04:34 +0000 2016,17,,0,vice,1
718475227638796288,Fri Apr 08 16:26:57 +0000 2016,12,goodness,1,,0
718475094134243328,Fri Apr 08 16:26:25 +0000 2016,19,,0,missed,1
718417587613380609,Fri Apr 08 12:37:55 +0000 2016,13,,0,abusive,1
718449984547397632,Fri Apr 08 14:46:39 +0000 2016,10,top,1,,0
718449975882084352,Fri Apr 08 14:46:37 +0000 2016,17,liberty,1,,0
718449920403898369,Fri Apr 08 14:46:23 +0000 2016,18,liked,1,,0
718449800845357056,Fri Apr 08 14:45:55 +0000 2016,18,,0,shit,1
718342601670279173,Fri Apr 08 07:39:57 +0000 2016,14,liked,1,,0
718342026316640256,Fri Apr 08 07:37:39 +0000 2016,13,liked,1,,0
718341859416875010,Fri Apr 08 07:37:00 +0000 2016,14,liked,1,,0
718341810750373888,Fri Apr 08 07:36:48 +0000 2016,17,good,1,,0
718341711831949312,Fri Apr 08 07:36:24 +0000 2016,17,,0,freeze|warning,2
718333315850362880,Fri Apr 08 07:03:03 +0000 2016,15,good,1,,0
718518318089392128,Fri Apr 08 19:18:11 +0000 2016,14,,0,sick,1
718390459010281473,Fri Apr 08 10:50:07 +0000 2016,15,wow,1,,0
718390302566916096,Fri Apr 08 10:49:29 +0000 2016,6,progressive,1,,0
718390198757933057,Fri Apr 08 10:49:05 +0000 2016,23,wonder,1,,0
718390180818915328,Fri Apr 08 10:49:00 +0000 2016,19,fun,1,,0
718389863670759425,Fri Apr 08 10:47:45 +0000 2016,21,,0,brutal,1
718539754409603072,Fri Apr 08 20:43:21 +0000 2016,10,well,1,,0
718539472829292548,Fri Apr 08 20:42:14 +0000 2016,14,variety,1,,0
718539164686422017,Fri Apr 08 20:41:01 +0000 2016,4,wow,1,,0
718539124437827586,Fri Apr 08 20:40:51 +0000 2016,2,,0,weird,1
718274592796762113,Fri Apr 08 03:09:42 +0000 2016,22,,0,shit,1
718330508913065984,Fri Apr 08 06:51:53 +0000 2016,15,good,1,,0
718330408945983488,Fri Apr 08 06:51:30 +0000 2016,13,,0,delay,1
718409403540463616,Fri Apr 08 12:05:23 +0000 2016,17,,0,noise,1
718333000405164033,Fri Apr 08 07:01:47 +0000 2016,13,,0,breaking,1
718319160384712704,Fri Apr 08 06:06:48 +0000 2016,17,hot,1,,0
718318813255712768,Fri Apr 08 06:05:25 +0000 2016,14,liked,1,,0
718318792686891008,Fri Apr 08 06:05:20 +0000 2016,18,,0,breaking,1
718546707949203456,Fri Apr 08 21:10:59 +0000 2016,24,,0,bad,1
718286771407028225,Fri Apr 08 03:58:06 +0000 2016,9,endorsing,1,,0
718286593430327302,Fri Apr 08 03:57:23 +0000 2016,18,,0,lying,1
718327912781492224,Fri Apr 08 06:41:34 +0000 2016,20,progressive,1,,0
718327794648883201,Fri Apr 08 06:41:06 +0000 2016,17,liked,1,,0
718327590029647872,Fri Apr 08 06:40:18 +0000 2016,20,,0,delay,1
718440119569686528,Fri Apr 08 14:07:27 +0000 2016,19,happy,1,,0
718440001411751936,Fri Apr 08 14:06:58 +0000 2016,20,,0,unfortunately,1
718287711593963520,Fri Apr 08 04:01:50 +0000 2016,14,,0,breaking,1
718405037727178752,Fri Apr 08 11:48:02 +0000 2016,23,pretty,1,,0
718404839617728512,Fri Apr 08 11:47:15 +0000 2016,3,,0,damn,1
718488402664919040,Fri Apr 08 17:19:18 +0000 2016,14,liked,1,,0
718488292593901568,Fri Apr 08 17:18:52 +0000 2016,12,,0,warning,1
718519379009245184,Fri Apr 08 19:22:24 +0000 2016,12,liked,1,,0
718519170485338113,Fri Apr 08 19:21:34 +0000 2016,15,,0,vice,1
718289624943226880,Fri Apr 08 04:09:26 +0000 2016,17,wow,1,,0
718289419913048064,Fri Apr 08 04:08:37 +0000 2016,18,,0,vice,1
718515994835165184,Fri Apr 08 19:08:57 +0000 2016,19,trust,1,,0
718515946789466112,Fri Apr 08 19:08:45 +0000 2016,17,well,1,,0
718515916544159744,Fri Apr 08 19:08:38 +0000 2016,26,wow,1,,0
718515892196237312,Fri Apr 08 19:08:32 +0000 2016,16,,0,angry,1
718293605866147844,Fri Apr 08 04:25:15 +0000 2016,14,love,1,,0
718293346519773187,Fri Apr 08 04:24:13 +0000 2016,15,,0,sorry,1
718558118439833601,Fri Apr 08 21:56:20 +0000 2016,16,love,1,,0
718426100121079808,Fri Apr 08 13:11:44 +0000 2016,14,,0,sick,1
718565231295799296,Fri Apr 08 22:24:36 +0000 2016,9,top,1,,0
718565168532353024,Fri Apr 08 22:24:21 +0000 2016,22,love,1,,0
718564747067559937,Fri Apr 08 22:22:40 +0000 2016,18,liked,1,,0
718564711164428288,Fri Apr 08 22:22:32 +0000 2016,16,,0,scandal,1
718362536245137409,Fri Apr 08 08:59:09 +0000 2016,15,,0,menace,1
718526382301548544,Fri Apr 08 19:50:13 +0000 2016,16,great,1,,0
718526295374766080,Fri Apr 08 19:49:53 +0000 2016,24,,0,problem,1
718456425400414210,Fri Apr 08 15:12:14 +0000 2016,14,top,1,,0
718456114107576320,Fri Apr 08 15:11:00 +0000 2016,15,,0,problem,1
718504809062658048,Fri Apr 08 18:24:30 +0000 2016,21,wow,1,,0
718504610516873216,Fri Apr 08 18:23:42 +0000 2016,6,,0,shame,1
718291706098139136,Fri Apr 08 04:17:42 +0000 2016,21,,0,breaking,1
718370427358310400,Fri Apr 08 09:30:31 +0000 2016,17,top,1,,0
718370400019865600,Fri Apr 08 09:30:24 +0000 2016,20,fresh|intelligence,2,,0
718370370647113731,Fri Apr 08 09:30:17 +0000 2016,17,top,1,,0
718370230507069442,Fri Apr 08 09:29:44 +0000 2016,12,proven,1,,0
718370208646328321,Fri Apr 08 09:29:39 +0000 2016,14,modest,1,,0
718369827145039872,Fri Apr 08 09:28:08 +0000 2016,14,,0,breaking,1
718284130585329665,Fri Apr 08 03:47:36 +0000 2016,19,wow,1,,0
718284102672216065,Fri Apr 08 03:47:29 +0000 2016,15,top,1,,0
718284039195652098,Fri Apr 08 03:47:14 +0000 2016,12,love,1,,0
718284000046026752,Fri Apr 08 03:47:05 +0000 2016,13,top,1,,0
718283925815234560,Fri Apr 08 03:46:47 +0000 2016,18,liked,1,,0
718283820617834496,Fri Apr 08 03:46:22 +0000 2016,19,,0,menace,1
718498215490949120,Fri Apr 08 17:58:18 +0000 2016,24,like,1,,0
718498084624457729,Fri Apr 08 17:57:47 +0000 2016,16,welcome,1,,0
718498069625503744,Fri Apr 08 17:57:43 +0000 2016,18,liked,1,,0
718497861919375360,Fri Apr 08 17:56:53 +0000 2016,18,liked,1,,0
718497850456477696,Fri Apr 08 17:56:51 +0000 2016,20,,0,breaking,1
718499984878927874,Fri Apr 08 18:05:20 +0000 2016,16,,0,paranoid,1
718275317085925382,Fri Apr 08 03:12:35 +0000 2016,20,liked,1,,0
718275290900901888,Fri Apr 08 03:12:28 +0000 2016,25,,0,joke,1
718438094320447488,Fri Apr 08 13:59:24 +0000 2016,24,like,1,,0
718438091489415168,Fri Apr 08 13:59:23 +0000 2016,16,good,1,,0
718438081540591618,Fri Apr 08 13:59:21 +0000 2016,21,like,1,,0
718438058572574721,Fri Apr 08 13:59:15 +0000 2016,10,good,1,,0
718438026578239488,Fri Apr 08 13:59:08 +0000 2016,14,,0,breaking,1
718447184308477954,Fri Apr 08 14:35:31 +0000 2016,18,,0,doddering,1
718300071079604224,Fri Apr 08 04:50:56 +0000 2016,22,,0,shame,1
718420179923922946,Fri Apr 08 12:48:13 +0000 2016,12,,0,liar,1
718280547206868994,Fri Apr 08 03:33:22 +0000 2016,12,amazing,1,,0
718280489891667968,Fri Apr 08 03:33:08 +0000 2016,20,wow,1,,0
718280485475119105,Fri Apr 08 03:33:07 +0000 2016,16,,0,breaking,1
718294607482773504,Fri Apr 08 04:29:14 +0000 2016,22,clearly,1,,0
718294607298228224,Fri Apr 08 04:29:14 +0000 2016,6,,0,fuck,1
718349782931083264,Fri Apr 08 08:08:29 +0000 2016,3,,0,fuck,1
718468378801922048,Fri Apr 08 15:59:44 +0000 2016,13,wow,1,,0
718468358031564800,Fri Apr 08 15:59:39 +0000 2016,25,,0,poor,1
718470098059718657,Fri Apr 08 16:06:34 +0000 2016,12,,0,static,1
718583462605778944,Fri Apr 08 23:37:02 +0000 2016,28,love,1,,0
718583391357136898,Fri Apr 08 23:36:45 +0000 2016,17,grateful,1,,0
718583309794701312,Fri Apr 08 23:36:26 +0000 2016,19,,0,shameless,1
718288595610648577,Fri Apr 08 04:05:21 +0000 2016,15,,0,menace,1
718484825582268417,Fri Apr 08 17:05:05 +0000 2016,18,fascinating,1,,0
718484674918518785,Fri Apr 08 17:04:29 +0000 2016,14,liked,1,,0
718484349608398849,Fri Apr 08 17:03:12 +0000 2016,10,good,1,,0
718484225494650880,Fri Apr 08 17:02:42 +0000 2016,17,love,1,,0
718484214530863104,Fri Apr 08 17:02:40 +0000 2016,4,,0,fuck,1
718486014776311809,Fri Apr 08 17:09:49 +0000 2016,18,cool,1,,0
718486006425600000,Fri Apr 08 17:09:47 +0000 2016,15,,0,menace,1
718520633261481984,Fri Apr 08 19:27:23 +0000 2016,12,top,1,,0
718520475421245441,Fri Apr 08 19:26:45 +0000 2016,11,,0,breaking,1
718324879578304512,Fri Apr 08 06:29:31 +0000 2016,12,interesting,1,,0
718324805540429825,Fri Apr 08 06:29:14 +0000 2016,22,like,1,,0
718324588661358594,Fri Apr 08 06:28:22 +0000 2016,15,fabulous,1,,0
718324455689347072,Fri Apr 08 06:27:50 +0000 2016,13,liked,1,,0
718324244862648321,Fri Apr 08 06:27:00 +0000 2016,15,good,1,,0
718324186263982080,Fri Apr 08 06:26:46 +0000 2016,13,,0,breaking,1
718582086056091648,Fri Apr 08 23:31:34 +0000 2016,23,reform,1,,0
718582069614391296,Fri Apr 08 23:31:30 +0000 2016,14,liked,1,,0
718581861920989184,Fri Apr 08 23:30:41 +0000 2016,13,top,1,,0
718581683763564544,Fri Apr 08 23:29:58 +0000 2016,19,liked,1,,0
718581595012071424,Fri Apr 08 23:29:37 +0000 2016,17,liked,1,,0
718581519065989120,Fri Apr 08 23:29:19 +0000 2016,19,hot,1,,0
718581506378231808,Fri Apr 08 23:29:16 +0000 2016,19,hot,1,,0
718581493346496512,Fri Apr 08 23:29:13 +0000 2016,19,hot,1,,0
718581465039183872,Fri Apr 08 23:29:06 +0000 2016,19,hot,1,,0
718581461549457409,Fri Apr 08 23:29:05 +0000 2016,19,hot,1,,0
718581421040877568,Fri Apr 08 23:28:56 +0000 2016,21,,0,hardball,1
718295544867786752,Fri Apr 08 04:32:57 +0000 2016,17,,0,damn,1
718566564828557313,Fri Apr 08 22:29:54 +0000 2016,8,great,1,,0
718566495169609731,Fri Apr 08 22:29:37 +0000 2016,15,wow,1,,0
718566465801072641,Fri Apr 08 22:29:30 +0000 2016,18,,0,indefensible,1
718512796795703296,Fri Apr 08 18:56:14 +0000 2016,16,,0,problem,1
718304916964524032,Fri Apr 08 05:10:12 +0000 2016,20,wow,1,,0
718304875155714049,Fri Apr 08 05:10:02 +0000 2016,19,,0,tacky,1
718285816942960640,Fri Apr 08 03:54:18 +0000 2016,21,,0,vice,1
718560825741418497,Fri Apr 08 22:07:05 +0000 2016,19,liked,1,,0
718560777527885824,Fri Apr 08 22:06:54 +0000 2016,16,liked,1,,0
718560399541424128,Fri Apr 08 22:05:24 +0000 2016,14,liked,1,,0
718560193869537280,Fri Apr 08 22:04:35 +0000 2016,6,,0,fuck,1
718310723676434432,Fri Apr 08 05:33:16 +0000 2016,14,liked,1,,0
718310721407295488,Fri Apr 08 05:33:16 +0000 2016,19,,0,uncomfortable,1
718554859520290816,Fri Apr 08 21:43:23 +0000 2016,20,sharp,1,,0
718554832097918976,Fri Apr 08 21:43:16 +0000 2016,19,hot,1,,0
718554700572807168,Fri Apr 08 21:42:45 +0000 2016,11,,0,problem,1
718547845574443009,Fri Apr 08 21:15:31 +0000 2016,10,,0,damn,1
718464450940895232,Fri Apr 08 15:44:08 +0000 2016,27,glad,1,,0
718463975382384640,Fri Apr 08 15:42:14 +0000 2016,17,liked,1,,0
718463956239720450,Fri Apr 08 15:42:10 +0000 2016,14,top,1,,0
718463833883303936,Fri Apr 08 15:41:41 +0000 2016,18,liked,1,,0
718463772101328896,Fri Apr 08 15:41:26 +0000 2016,16,enthusiasm,1,,0
718463723548119040,Fri Apr 08 15:41:14 +0000 2016,8,like,1,,0
718463684809392128,Fri Apr 08 15:41:05 +0000 2016,17,,0,wrong,1
718569711408128001,Fri Apr 08 22:42:24 +0000 2016,17,great,1,,0
718569678063476736,Fri Apr 08 22:42:16 +0000 2016,24,,0,shit,1
718537080033382401,Fri Apr 08 20:32:44 +0000 2016,16,wonder,1,,0
718536918221193216,Fri Apr 08 20:32:05 +0000 2016,17,liked,1,,0
718536880988401665,Fri Apr 08 20:31:56 +0000 2016,13,liked,1,,0
718536734661685248,Fri Apr 08 20:31:21 +0000 2016,27,hot,1,,0
718536588603625474,Fri Apr 08 20:30:47 +0000 2016,15,,0,disgusting,1
718299066376024064,Fri Apr 08 04:46:57 +0000 2016,5,,0,fuck,1
718553452431826944,Fri Apr 08 21:37:47 +0000 2016,14,,0,silly,1
718284960776523776,Fri Apr 08 03:50:54 +0000 2016,6,progressive,1,,0
718284827108241409,Fri Apr 08 03:50:22 +0000 2016,7,,0,fuck,1
718513865923915776,Fri Apr 08 19:00:29 +0000 2016,15,thank,1,,0
718513754326048769,Fri Apr 08 19:00:03 +0000 2016,7,,0,fuck,1
718453871631151104,Fri Apr 08 15:02:05 +0000 2016,23,kudos,1,,0
718453824671916032,Fri Apr 08 15:01:54 +0000 2016,10,well,1,,0
718453543389241344,Fri Apr 08 15:00:47 +0000 2016,16,hot,1,,0
718453432487698432,Fri Apr 08 15:00:21 +0000 2016,10,bonus,1,,0
718453371644973056,Fri Apr 08 15:00:06 +0000 2016,8,,0,lose,1
718267681137377280,Fri Apr 08 02:42:14 +0000 2016,19,right,1,,0
718267569795424256,Fri Apr 08 02:41:48 +0000 2016,16,available,1,,0
718267550367358978,Fri Apr 08 02:41:43 +0000 2016,15,,0,crazy,1
718301128342036481,Fri Apr 08 04:55:09 +0000 2016,19,providence,1,,0
718300879846252544,Fri Apr 08 04:54:09 +0000 2016,12,,0,breaking,1
718557845445152768,Fri Apr 08 21:55:15 +0000 2016,14,,0,sick,1
718388398185193472,Fri Apr 08 10:41:55 +0000 2016,17,,0,vice,1
718496984550625280,Fri Apr 08 17:53:24 +0000 2016,18,great,1,,0
718496942003597312,Fri Apr 08 17:53:14 +0000 2016,3,,0,fuck,1
718469758039896065,Fri Apr 08 16:05:13 +0000 2016,16,,0,sneaky,1
718525940427456512,Fri Apr 08 19:48:28 +0000 2016,18,,0,breaking,1
718366505239474176,Fri Apr 08 09:14:56 +0000 2016,12,right,1,,0
718365980540452865,Fri Apr 08 09:12:51 +0000 2016,16,liked,1,,0
718365905386921985,Fri Apr 08 09:12:33 +0000 2016,12,,0,fucking|unbelievable,2
718433960079073280,Fri Apr 08 13:42:58 +0000 2016,24,,0,zealot,1
718395780910948354,Fri Apr 08 11:11:15 +0000 2016,15,,0,menace,1
718509713554432001,Fri Apr 08 18:43:59 +0000 2016,16,better,1,,0
718509598530002944,Fri Apr 08 18:43:32 +0000 2016,23,,0,pathetic,1
718411204151156740,Fri Apr 08 12:12:33 +0000 2016,10,happy,1,,0
718411167828283392,Fri Apr 08 12:12:24 +0000 2016,17,kudos,1,,0
718411073473355778,Fri Apr 08 12:12:02 +0000 2016,16,,0,sick,1
718584655725912064,Fri Apr 08 23:41:47 +0000 2016,15,sane,1,,0
718584491053289472,Fri Apr 08 23:41:07 +0000 2016,21,yay,1,,0
718584432412782592,Fri Apr 08 23:40:53 +0000 2016,19,,0,funny,1
718461762727723008,Fri Apr 08 15:33:27 +0000 2016,10,progressive,1,,0
718461729496281088,Fri Apr 08 15:33:19 +0000 2016,8,powerful,1,,0
718461713457106945,Fri Apr 08 15:33:15 +0000 2016,16,liked,1,,0
718461647275339776,Fri Apr 08 15:32:59 +0000 2016,12,wow,1,,0
718461533068480512,Fri Apr 08 15:32:32 +0000 2016,17,enjoying,1,,0
718461514760323072,Fri Apr 08 15:32:28 +0000 2016,17,holy,1,,0
718461501384835073,Fri Apr 08 15:32:24 +0000 2016,3,,0,shark,1
718276735947681794,Fri Apr 08 03:18:13 +0000 2016,16,liked,1,,0
718276690506563584,Fri Apr 08 03:18:02 +0000 2016,16,,0,shock,1
718463223457050624,Fri Apr 08 15:39:15 +0000 2016,22,well,1,,0
718463142309806080,Fri Apr 08 15:38:56 +0000 2016,20,good,1,,0
718463108851732480,Fri Apr 08 15:38:48 +0000 2016,16,wow,1,,0
718462996641517568,Fri Apr 08 15:38:21 +0000 2016,19,,0,tired,1
718378005354135553,Fri Apr 08 10:00:37 +0000 2016,12,,0,menace,1
718306293258317824,Fri Apr 08 05:15:40 +0000 2016,2,good,1,,0
718306293002432513,Fri Apr 08 05:15:40 +0000 2016,2,good,1,,0
718306292679487488,Fri Apr 08 05:15:40 +0000 2016,2,good,1,,0
718306279186440192,Fri Apr 08 05:15:37 +0000 2016,9,wow,1,,0
718306020876021761,Fri Apr 08 05:14:35 +0000 2016,11,,0,scary,1
718385216038039552,Fri Apr 08 10:29:17 +0000 2016,12,,0,unqualified,1
718589220202356736,Fri Apr 08 23:59:55 +0000 2016,13,important,1,,0
718589035497791488,Fri Apr 08 23:59:11 +0000 2016,17,well,1,,0
718588959878619136,Fri Apr 08 23:58:53 +0000 2016,15,fairness,1,,0
718588948323258368,Fri Apr 08 23:58:50 +0000 2016,15,,0,cracks,1
718419056185974784,Fri Apr 08 12:43:45 +0000 2016,24,love,1,,0
718418867865919489,Fri Apr 08 12:43:00 +0000 2016,22,freedom,1,,0
718418864212746240,Fri Apr 08 12:42:59 +0000 2016,18,,0,hardball,1
718495869960519682,Fri Apr 08 17:48:59 +0000 2016,20,,0,protest,1
718302371332386816,Fri Apr 08 05:00:05 +0000 2016,15,well,1,,0
718302319440474112,Fri Apr 08 04:59:53 +0000 2016,24,,0,fuck,1
718277454180327424,Fri Apr 08 03:21:04 +0000 2016,25,happy,1,,0
718277389290180609,Fri Apr 08 03:20:49 +0000 2016,14,,0,troubling,1
718278316374024193,Fri Apr 08 03:24:30 +0000 2016,19,,0,hell,1
718501334509555716,Fri Apr 08 18:10:41 +0000 2016,4,whoa,1,,0
718501175566475264,Fri Apr 08 18:10:04 +0000 2016,6,,0,hard,1
718436802747432960,Fri Apr 08 13:54:16 +0000 2016,8,,0,fuck,1
718517166035722240,Fri Apr 08 19:13:36 +0000 2016,17,,0,death,1
718481534408331264,Fri Apr 08 16:52:01 +0000 2016,20,amazing,1,,0
718481523935043584,Fri Apr 08 16:51:58 +0000 2016,14,,0,worthless,1
718559374134775808,Fri Apr 08 22:01:19 +0000 2016,19,hot,1,,0
718559125450326016,Fri Apr 08 22:00:20 +0000 2016,4,,0,fuck,1
718460280280334336,Fri Apr 08 15:27:33 +0000 2016,17,important,1,,0
718460223678054400,Fri Apr 08 15:27:20 +0000 2016,15,gentle|loving,2,,0
718460161942294532,Fri Apr 08 15:27:05 +0000 2016,18,,0,awful,1
718457697499267072,Fri Apr 08 15:17:18 +0000 2016,5,thank,1,,0
718457647465394177,Fri Apr 08 15:17:06 +0000 2016,19,good,1,,0
718457552351023104,Fri Apr 08 15:16:43 +0000 2016,8,welcome,1,,0
718457528871436288,Fri Apr 08 15:16:37 +0000 2016,21,fantastic,1,,0
718457469027094528,Fri Apr 08 15:16:23 +0000 2016,9,,0,conservative,1
718465702743707649,Fri Apr 08 15:49:06 +0000 2016,15,,0,breaking,1
718479209899913216,Fri Apr 08 16:42:46 +0000 2016,17,,0,vice,1
718446016773627904,Fri Apr 08 14:30:53 +0000 2016,19,,0,unsure,1
718338981637828612,Fri Apr 08 07:25:33 +0000 2016,19,right,1,,0
718338702766960640,Fri Apr 08 07:24:27 +0000 2016,13,liked,1,,0
718338659146199041,Fri Apr 08 07:24:17 +0000 2016,12,,0,breaking,1
718510852064874499,Fri Apr 08 18:48:31 +0000 2016,9,nice,1,,0
718510830770237440,Fri Apr 08 18:48:25 +0000 2016,11,,0,breaking,1
718336550229123073,Fri Apr 08 07:15:54 +0000 2016,12,welcome,1,,0
718336358532653057,Fri Apr 08 07:15:08 +0000 2016,21,like,1,,0
718336338777546755,Fri Apr 08 07:15:03 +0000 2016,14,liked,1,,0
718336053602598913,Fri Apr 08 07:13:55 +0000 2016,13,liked,1,,0
718336046128357376,Fri Apr 08 07:13:54 +0000 2016,17,,0,shrug,1
718435456308916224,Fri Apr 08 13:48:55 +0000 2016,17,,0,funny,1
718533202705448960,Fri Apr 08 20:17:19 +0000 2016,14,liked,1,,0
718533199673102337,Fri Apr 08 20:17:19 +0000 2016,26,like,1,,0
718533060740775936,Fri Apr 08 20:16:46 +0000 2016,15,wow,1,,0
718533038477586436,Fri Apr 08 20:16:40 +0000 2016,16,,0,bitch,1
718541035748634625,Fri Apr 08 20:48:27 +0000 2016,26,wonder,1,,0
718540758874087424,Fri Apr 08 20:47:21 +0000 2016,22,support,1,,0
718540725869109248,Fri Apr 08 20:47:13 +0000 2016,19,well,1,,0
718540493198606336,Fri Apr 08 20:46:18 +0000 2016,19,,0,wild,1
718281541613449217,Fri Apr 08 03:37:19 +0000 2016,10,progressive,1,,0
718281435950489601,Fri Apr 08 03:36:54 +0000 2016,10,,0,clash,1
718535788317704192,Fri Apr 08 20:27:36 +0000 2016,14,liked,1,,0
718535668817903616,Fri Apr 08 20:27:07 +0000 2016,18,respect,1,,0
718535629185748993,Fri Apr 08 20:26:58 +0000 2016,20,well,1,,0
718535592305434625,Fri Apr 08 20:26:49 +0000 2016,16,great,1,,0
718535387669524480,Fri Apr 08 20:26:00 +0000 2016,13,wow,1,,0
718535337480364032,Fri Apr 08 20:25:48 +0000 2016,21,love,1,,0
718535313296121857,Fri Apr 08 20:25:43 +0000 2016,15,love,1,,0
718535303561134080,Fri Apr 08 20:25:40 +0000 2016,21,,0,criticism,1
718577250652659712,Fri Apr 08 23:12:21 +0000 2016,15,,0,senile,1
718452569022988289,Fri Apr 08 14:56:55 +0000 2016,19,good,1,,0
718452422809673729,Fri Apr 08 14:56:20 +0000 2016,13,,0,ridiculous,1
718407457320615936,Fri Apr 08 11:57:39 +0000 2016,17,,0,shake,1
718381891485831168,Fri Apr 08 10:16:04 +0000 2016,13,,0,sorry,1
718511861562355712,Fri Apr 08 18:52:31 +0000 2016,10,great,1,,0
718511839622074368,Fri Apr 08 18:52:26 +0000 2016,16,,0,scolding,1
718538082908176384,Fri Apr 08 20:36:43 +0000 2016,12,top,1,,0
718538004474662912,Fri Apr 08 20:36:24 +0000 2016,18,liked,1,,0
718537740279803904,Fri Apr 08 20:35:21 +0000 2016,11,,0,dead,1
718431246871891968,Fri Apr 08 13:32:11 +0000 2016,15,wow,1,,0
718431185341259776,Fri Apr 08 13:31:57 +0000 2016,18,good,1,,0
718431158925684736,Fri Apr 08 13:31:50 +0000 2016,20,support,1,,0
718431074985058304,Fri Apr 08 13:31:30 +0000 2016,15,fresh,1,,0
718431066332250112,Fri Apr 08 13:31:28 +0000 2016,17,awesome,1,,0
718431036439445504,Fri Apr 08 13:31:21 +0000 2016,6,top,1,,0
718430994634674176,Fri Apr 08 13:31:11 +0000 2016,16,liked,1,,0
718430994391572481,Fri Apr 08 13:31:11 +0000 2016,16,,0,awkward,1
718508392826986496,Fri Apr 08 18:38:44 +0000 2016,23,like,1,,0
718508277974372352,Fri Apr 08 18:38:17 +0000 2016,16,good,1,,0
718508251868983296,Fri Apr 08 18:38:11 +0000 2016,17,,0,idiots,1
718531608194654208,Fri Apr 08 20:10:59 +0000 2016,18,liked,1,,0
718531594919632898,Fri Apr 08 20:10:56 +0000 2016,15,liked,1,,0
718531547373137920,Fri Apr 08 20:10:45 +0000 2016,19,thank,1,,0
718531294284505088,Fri Apr 08 20:09:44 +0000 2016,18,like,1,,0
718531280351182848,Fri Apr 08 20:09:41 +0000 2016,21,interesting,1,,0
718531239515332608,Fri Apr 08 20:09:31 +0000 2016,14,liked,1,,0
718531057797050368,Fri Apr 08 20:08:48 +0000 2016,18,,0,hedge,1
718579454524567552,Fri Apr 08 23:21:07 +0000 2016,5,,0,fuck,1
718574816215871488,Fri Apr 08 23:02:41 +0000 2016,11,clearly,1,,0
718574722695307264,Fri Apr 08 23:02:19 +0000 2016,16,liked,1,,0
718574657805402114,Fri Apr 08 23:02:03 +0000 2016,15,,0,pathetic,1
718423299601145856,Fri Apr 08 13:00:36 +0000 2016,14,good,1,,0
718423151168905216,Fri Apr 08 13:00:01 +0000 2016,8,,0,noise,1
718345745955426304,Fri Apr 08 07:52:26 +0000 2016,4,,0,fuck,1
718412774234173444,Fri Apr 08 12:18:47 +0000 2016,9,,0,sorry,1
718309318257479681,Fri Apr 08 05:27:41 +0000 2016,11,,0,bruised,1
718527665116946432,Fri Apr 08 19:55:19 +0000 2016,6,,0,funny,1
718482656745431041,Fri Apr 08 16:56:28 +0000 2016,17,hot,1,,0
718482444312129536,Fri Apr 08 16:55:38 +0000 2016,17,liked,1,,0
718482414901669888,Fri Apr 08 16:55:31 +0000 2016,16,,0,revolt,1
718459054792826880,Fri Apr 08 15:22:41 +0000 2016,4,,0,fuck,1
718315769868722176,Fri Apr 08 05:53:19 +0000 2016,11,,0,dirty,1
718282395947032576,Fri Apr 08 03:40:42 +0000 2016,12,liked,1,,0
718282321523290113,Fri Apr 08 03:40:25 +0000 2016,14,,0,sick,1
718505983757152256,Fri Apr 08 18:29:10 +0000 2016,15,top,1,,0
718505923468091392,Fri Apr 08 18:28:56 +0000 2016,18,nice,1,,0
718505814772813824,Fri Apr 08 18:28:30 +0000 2016,16,,0,breaking,1
718271401862512640,Fri Apr 08 02:57:01 +0000 2016,22,good,1,,0
718271293582389248,Fri Apr 08 02:56:35 +0000 2016,15,,0,menace,1
718400795876536321,Fri Apr 08 11:31:11 +0000 2016,17,,0,awkward,1
718273805144166400,Fri Apr 08 03:06:34 +0000 2016,21,amusing,1,,0
718273797078544385,Fri Apr 08 03:06:32 +0000 2016,12,,0,gaffe,1
718578302437433344,Fri Apr 08 23:16:32 +0000 2016,14,excellent,1,,0
718578282942234625,Fri Apr 08 23:16:27 +0000 2016,15,wow,1,,0
718578204777164800,Fri Apr 08 23:16:09 +0000 2016,18,tough,1,,0
718578168873914368,Fri Apr 08 23:16:00 +0000 2016,15,wow,1,,0
718577999344328704,Fri Apr 08 23:15:20 +0000 2016,15,wow,1,,0
718577963462180871,Fri Apr 08 23:15:11 +0000 2016,24,,0,fuck,1
718290576609800192,Fri Apr 08 04:13:13 +0000 2016,13,wow,1,,0
718290564865794050,Fri Apr 08 04:13:10 +0000 2016,18,good,1,,0
718290489225699330,Fri Apr 08 04:12:52 +0000 2016,17,,0,wicked,1
718267083637813249,Fri Apr 08 02:39:52 +0000 2016,5,,0,fuck,1
718279975426768897,Fri Apr 08 03:31:05 +0000 2016,19,,0,bias,1
718394183262814212,Fri Apr 08 11:04:55 +0000 2016,7,like,1,,0
718394099892506624,Fri Apr 08 11:04:35 +0000 2016,14,liked,1,,0
718393801606361088,Fri Apr 08 11:03:24 +0000 2016,16,like,1,,0
718393748275785728,Fri Apr 08 11:03:11 +0000 2016,4,qualify,1,,0
718393394284871681,Fri Apr 08 11:01:46 +0000 2016,18,amazing,1,,0
718393364928970752,Fri Apr 08 11:01:39 +0000 2016,14,,0,funny,1
718494578970480640,Fri Apr 08 17:43:51 +0000 2016,13,,0,haters,1
718573443789119488,Fri Apr 08 22:57:14 +0000 2016,5,slick,1,,0
718573334250852352,Fri Apr 08 22:56:47 +0000 2016,17,hot,1,,0
718573308158087168,Fri Apr 08 22:56:41 +0000 2016,9,important,1,,0
718573229791690752,Fri Apr 08 22:56:23 +0000 2016,7,great,1,,0
718573219519684608,Fri Apr 08 22:56:20 +0000 2016,23,promise,1,,0
718573177064951808,Fri Apr 08 22:56:10 +0000 2016,13,interesting,1,,0
718573141476450308,Fri Apr 08 22:56:02 +0000 2016,15,prominent,1,,0
718573073922785281,Fri Apr 08 22:55:45 +0000 2016,11,like,1,,0
718572953118466048,Fri Apr 08 22:55:17 +0000 2016,17,liked,1,,0
718572848235810816,Fri Apr 08 22:54:52 +0000 2016,19,love,1,,0
718572813456666625,Fri Apr 08 22:54:43 +0000 2016,6,,0,breaking,1
718585968127660033,Fri Apr 08 23:47:00 +0000 2016,4,love,1,,0
718585769246326784,Fri Apr 08 23:46:12 +0000 2016,16,,0,sarcasm,1
718498896058662912,Fri Apr 08 18:01:00 +0000 2016,18,love,1,,0
718498870490038272,Fri Apr 08 18:00:54 +0000 2016,10,,0,scandals,1
718489529376776192,Fri Apr 08 17:23:47 +0000 2016,21,good,1,,0
718489418433044480,Fri Apr 08 17:23:20 +0000 2016,15,congratulations,1,,0
718489227164389376,Fri Apr 08 17:22:35 +0000 2016,14,,0,bogus|scandals,2
718415846058672128,Fri Apr 08 12:30:59 +0000 2016,18,,0,warning,1
718575910027300864,Fri Apr 08 23:07:02 +0000 2016,10,good,1,,0
718575817274470400,Fri Apr 08 23:06:39 +0000 2016,10,well,1,,0
718575777286070273,Fri Apr 08 23:06:30 +0000 2016,21,well,1,,0
718575774370914306,Fri Apr 08 23:06:29 +0000 2016,18,happy,1,,0
718575716669984768,Fri Apr 08 23:06:16 +0000 2016,15,,0,vice,1
718474002176585728,Fri Apr 08 16:22:05 +0000 2016,11,happy,1,,0
718473925680873472,Fri Apr 08 16:21:47 +0000 2016,15,well,1,,0
718473603814158336,Fri Apr 08 16:20:30 +0000 2016,17,,0,breaking,1
718353841486438400,Fri Apr 08 08:24:36 +0000 2016,17,,0,vice,1
718373307129704448,Fri Apr 08 09:41:57 +0000 2016,20,happy,1,,0
718372993517416448,Fri Apr 08 09:40:43 +0000 2016,14,convincing,1,,0
718272006744092672,Fri Apr 08 02:59:25 +0000 2016,19,,0,fell,1
718443530348154880,Fri Apr 08 14:21:00 +0000 2016,19,well,1,,0
718443527227584512,Fri Apr 08 14:20:59 +0000 2016,26,,0,hate,1
718275947313631235,Fri Apr 08 03:15:05 +0000 2016,19,boom,1,,0
718275912459022336,Fri Apr 08 03:14:57 +0000 2016,11,fun,1,,0
718275877633703936,Fri Apr 08 03:14:48 +0000 2016,7,slick,1,,0
718275720989040641,Fri Apr 08 03:14:11 +0000 2016,17,,0,vice,1
718358397092040704,Fri Apr 08 08:42:42 +0000 2016,25,good,1,,0
718358274169511936,Fri Apr 08 08:42:13 +0000 2016,20,fresh|intelligence,2,,0
718358104702902274,Fri Apr 08 08:41:33 +0000 2016,17,,0,vice,1
718524617632055296,Fri Apr 08 19:43:13 +0000 2016,15,,0,vice,1
718314075453829125,Fri Apr 08 05:46:35 +0000 2016,14,love,1,,0
718313952476794880,Fri Apr 08 05:46:06 +0000 2016,15,,0,breaking,1
718429954661314560,Fri Apr 08 13:27:03 +0000 2016,9,,0,rough,1
718472672791937024,Fri Apr 08 16:16:48 +0000 2016,14,enjoyed,1,,0
718472650750734336,Fri Apr 08 16:16:43 +0000 2016,8,boom,1,,0
718472472757211136,Fri Apr 08 16:16:00 +0000 2016,16,,0,crime,1
718270669696475136,Fri Apr 08 02:54:07 +0000 2016,14,,0,disagree,1
718372717918072833,Fri Apr 08 09:39:37 +0000 2016,16,,0,insane,1
718545395027025920,Fri Apr 08 21:05:46 +0000 2016,17,top,1,,0
718545367231373312,Fri Apr 08 21:05:40 +0000 2016,9,welcome,1,,0
718545354162102272,Fri Apr 08 21:05:37 +0000 2016,19,,0,funny,1
718441423691849728,Fri Apr 08 14:12:38 +0000 2016,2,interesting,1,,0
718441279781212160,Fri Apr 08 14:12:03 +0000 2016,11,nice,1,,0
718441253306822656,Fri Apr 08 14:11:57 +0000 2016,19,great,1,,0
718441144540131329,Fri Apr 08 14:11:31 +0000 2016,25,love,1,,0
718441052479180800,Fri Apr 08 14:11:09 +0000 2016,14,,0,radical|rant,2
718414561871671296,Fri Apr 08 12:25:53 +0000 2016,17,liked,1,,0
718414500328824833,Fri Apr 08 12:25:39 +0000 2016,10,glad,1,,0
718414461145493505,Fri Apr 08 12:25:29 +0000 2016,7,well,1,,0
718414436948713472,Fri Apr 08 12:25:23 +0000 2016,18,,0,blatant,1
