718516771834060800,Fri Apr 08 19:12:02 +0000 2016,21,love,1,,0
718516656918503424,Fri Apr 08 19:11:35 +0000 2016,12,,0,failed,1
718413397751107585,Fri Apr 08 12:21:16 +0000 2016,23,,0,poor,1
718579647097638912,Fri Apr 08 23:21:53 +0000 2016,23,super,1,,0
718579482618044416,Fri Apr 08 23:21:13 +0000 2016,17,liked,1,,0
718579470588899328,Fri Apr 08 23:21:11 +0000 2016,24,,0,outrage,1
718432914933989377,Fri Apr 08 13:38:49 +0000 2016,18,,0,breaking,1
718494705961476096,Fri Apr 08 17:44:21 +0000 2016,17,providence,1,,0
718494652488396805,Fri Apr 08 17:44:08 +0000 2016,13,super,1,,0
718494585727496192,Fri Apr 08 17:43:52 +0000 2016,20,,0,painful,1
718258680114900992,Fri Apr 08 02:06:28 +0000 2016,17,liked,1,,0
718258654206672896,Fri Apr 08 02:06:22 +0000 2016,13,,0,dick,1
718280913927479300,Fri Apr 08 03:34:49 +0000 2016,12,,0,ugh,1
718526216018509824,Fri Apr 08 19:49:34 +0000 2016,19,,0,despise,1
718292355569315844,Fri Apr 08 04:20:17 +0000 2016,10,rich,1,,0
718292355137318912,Fri Apr 08 04:20:17 +0000 2016,11,beautiful,1,,0
718292198144503809,Fri Apr 08 04:19:39 +0000 2016,9,good,1,,0
718292168985718785,Fri Apr 08 04:19:32 +0000 2016,23,,0,missed,1
718470135669862400,Fri Apr 08 16:06:43 +0000 2016,2,,0,fuck|shit,2
718267874377404417,Fri Apr 08 02:43:00 +0000 2016,19,,0,breaking,1
718435918525235200,Fri Apr 08 13:50:45 +0000 2016,10,great,1,,0
718435782449504256,Fri Apr 08 13:50:13 +0000 2016,18,,0,breaking,1
718356080527556608,Fri Apr 08 08:33:30 +0000 2016,18,liked,1,,0
718355950210543616,Fri Apr 08 08:32:59 +0000 2016,2,like,1,,0
718355846657388544,Fri Apr 08 08:32:34 +0000 2016,18,lovable,1,,0
718355829775273984,Fri Apr 08 08:32:30 +0000 2016,7,,0,apocalyptic,1
718564464652627972,Fri Apr 08 22:21:33 +0000 2016,18,wow,1,,0
718564399758254080,Fri Apr 08 22:21:17 +0000 2016,20,best,1,,0
718564296247132162,Fri Apr 08 22:20:53 +0000 2016,16,,0,apologist,1
718454082072129537,Fri Apr 08 15:02:56 +0000 2016,22,well,1,,0
718454033795649536,Fri Apr 08 15:02:44 +0000 2016,14,well,1,,0
718453940640202753,Fri Apr 08 15:02:22 +0000 2016,19,,0,poor,1
718570036286218240,Fri Apr 08 22:43:41 +0000 2016,17,,0,breaking,1
718524376400994308,Fri Apr 08 19:42:15 +0000 2016,22,thank,1,,0
718524361561489408,Fri Apr 08 19:42:11 +0000 2016,26,,0,strange,1
718233032759578625,Fri Apr 08 00:24:33 +0000 2016,21,,0,funny,1
718508634112598016,Fri Apr 08 18:39:42 +0000 2016,9,,0,hatred,1
718487973545676801,Fri Apr 08 17:17:36 +0000 2016,20,well,1,,0
718487800979456000,Fri Apr 08 17:16:55 +0000 2016,16,love,1,,0
718487800929193988,Fri Apr 08 17:16:55 +0000 2016,16,wow,1,,0
718487793715003393,Fri Apr 08 17:16:53 +0000 2016,11,,0,afraid,1
718518551661809665,Fri Apr 08 19:19:06 +0000 2016,5,,0,cheating,1
718437427417776128,Fri Apr 08 13:56:45 +0000 2016,17,wonder,1,,0
718437033056858113,Fri Apr 08 13:55:11 +0000 2016,15,like,1,,0
718436853771177984,Fri Apr 08 13:54:28 +0000 2016,3,,0,illegal,1
718232028303486977,Fri Apr 08 00:20:34 +0000 2016,16,good,1,,0
718231983206346752,Fri Apr 08 00:20:23 +0000 2016,15,smiles,1,,0
718231914914713601,Fri Apr 08 00:20:07 +0000 2016,17,good,1,,0
718231897931923456,Fri Apr 08 00:20:03 +0000 2016,12,rich,1,,0
718231857154912257,Fri Apr 08 00:19:53 +0000 2016,14,fresh,1,,0
718231770290851840,Fri Apr 08 00:19:32 +0000 2016,9,,0,afraid,1
718244003204964352,Fri Apr 08 01:08:09 +0000 2016,7,,0,slime,1
718452966383095808,Fri Apr 08 14:58:30 +0000 2016,20,,0,breaking,1
718255097688498178,Fri Apr 08 01:52:14 +0000 2016,15,like,1,,0
718255069335068672,Fri Apr 08 01:52:07 +0000 2016,20,lovely,1,,0
718255051517652994,Fri Apr 08 01:52:03 +0000 2016,6,best,1,,0
718254939894624256,Fri Apr 08 01:51:36 +0000 2016,20,soundly,1,,0
718254850157473792,Fri Apr 08 01:51:15 +0000 2016,9,love,1,,0
718254675896713216,Fri Apr 08 01:50:33 +0000 2016,14,well,1,,0
718254528852815873,Fri Apr 08 01:49:58 +0000 2016,18,,0,hate,1
718248518843035649,Fri Apr 08 01:26:05 +0000 2016,4,nice,1,,0
718248402660802562,Fri Apr 08 01:25:38 +0000 2016,17,,0,excuses,1
718464768009445376,Fri Apr 08 15:45:23 +0000 2016,19,fascinating,1,,0
718464731598626816,Fri Apr 08 15:45:15 +0000 2016,7,wonderful,1,,0
718464728524140544,Fri Apr 08 15:45:14 +0000 2016,21,liked,1,,0
718464705392689152,Fri Apr 08 15:45:08 +0000 2016,10,,0,despised,1
718432650768355328,Fri Apr 08 13:37:46 +0000 2016,21,,0,funny,1
718318075045666816,Fri Apr 08 06:02:29 +0000 2016,11,,0,irony,1
718386676976984065,Fri Apr 08 10:35:05 +0000 2016,21,wow,1,,0
718386512379912194,Fri Apr 08 10:34:26 +0000 2016,9,,0,breaking,1
718237840447008768,Fri Apr 08 00:43:40 +0000 2016,31,love,1,,0
718237836634431488,Fri Apr 08 00:43:39 +0000 2016,7,wonder,1,,0
718237793407889410,Fri Apr 08 00:43:28 +0000 2016,17,wow,1,,0
718237675573153794,Fri Apr 08 00:43:00 +0000 2016,6,happy,1,,0
718237646854758400,Fri Apr 08 00:42:53 +0000 2016,18,awe,1,,0
718237536309624834,Fri Apr 08 00:42:27 +0000 2016,15,,0,stuttering,1
718259468430131202,Fri Apr 08 02:09:36 +0000 2016,17,,0,ugh,1
718388019733131265,Fri Apr 08 10:40:25 +0000 2016,25,interesting,1,,0
718387706259206145,Fri Apr 08 10:39:10 +0000 2016,18,trusted,1,,0
718387515095392256,Fri Apr 08 10:38:25 +0000 2016,18,tempting,1,,0
718387365673373697,Fri Apr 08 10:37:49 +0000 2016,11,,0,breaking,1
718515811409915904,Fri Apr 08 19:08:13 +0000 2016,12,wow,1,,0
718515533226741760,Fri Apr 08 19:07:07 +0000 2016,21,best,1,,0
718515492693110784,Fri Apr 08 19:06:57 +0000 2016,22,,0,fear,1
718560158226329600,Fri Apr 08 22:04:26 +0000 2016,10,,0,failed,1
718263045965930497,Fri Apr 08 02:23:49 +0000 2016,21,,0,bad,1
718478159100792833,Fri Apr 08 16:38:36 +0000 2016,13,,0,breaking,1
718279612409765889,Fri Apr 08 03:29:39 +0000 2016,21,wow,1,,0
718279609192681472,Fri Apr 08 03:29:38 +0000 2016,9,ready,1,,0
718279602263691270,Fri Apr 08 03:29:36 +0000 2016,14,,0,sorry,1
718536130178781184,Fri Apr 08 20:28:57 +0000 2016,7,clearly,1,,0
718536097119211521,Fri Apr 08 20:28:49 +0000 2016,17,amazed,1,,0
718535835134640128,Fri Apr 08 20:27:47 +0000 2016,6,love,1,,0
718535734966091776,Fri Apr 08 20:27:23 +0000 2016,15,classy,1,,0
718535561095618560,Fri Apr 08 20:26:42 +0000 2016,10,nice,1,,0
718535508461092864,Fri Apr 08 20:26:29 +0000 2016,18,wonder,1,,0
718535334032760832,Fri Apr 08 20:25:48 +0000 2016,18,tempting,1,,0
718535252608614400,Fri Apr 08 20:25:28 +0000 2016,25,smart,1,,0
718535127848980483,Fri Apr 08 20:24:58 +0000 2016,18,,0,moron,1
718447890360721408,Fri Apr 08 14:38:19 +0000 2016,18,,0,breaking,1
718445306002612225,Fri Apr 08 14:28:03 +0000 2016,18,,0,rough,1
718482321628913668,Fri Apr 08 16:55:08 +0000 2016,9,,0,hate,1
718240815676530688,Fri Apr 08 00:55:29 +0000 2016,15,,0,breaking,1
718553706975797248,Fri Apr 08 21:38:48 +0000 2016,15,,0,moron,1
718461616937938944,Fri Apr 08 15:32:52 +0000 2016,15,,0,breaking,1
718283526395793415,Fri Apr 08 03:45:12 +0000 2016,5,favorite,1,,0
718283379595157504,Fri Apr 08 03:44:37 +0000 2016,18,wow,1,,0
718283285537886210,Fri Apr 08 03:44:14 +0000 2016,28,,0,rebuke,1
718500397468389377,Fri Apr 08 18:06:58 +0000 2016,4,,0,cunts,1
718276030100856832,Fri Apr 08 03:15:25 +0000 2016,22,well,1,,0
718275978733166596,Fri Apr 08 03:15:12 +0000 2016,20,,0,sad,1
718429365214650374,Fri Apr 08 13:24:43 +0000 2016,26,happy,1,,0
718429274424872960,Fri Apr 08 13:24:21 +0000 2016,12,,0,lame,1
718420180917833732,Fri Apr 08 12:48:13 +0000 2016,13,,0,breaking,1
718328994609950721,Fri Apr 08 06:45:52 +0000 2016,3,well,1,,0
718328673850564608,Fri Apr 08 06:44:36 +0000 2016,16,,0,conservative,1
718558659404431360,Fri Apr 08 21:58:29 +0000 2016,15,like,1,,0
718558599568625664,Fri Apr 08 21:58:14 +0000 2016,16,classy,1,,0
718558593449136128,Fri Apr 08 21:58:13 +0000 2016,6,,0,lying,1
718573410884927488,Fri Apr 08 22:57:06 +0000 2016,18,tempting,1,,0
718573351124410368,Fri Apr 08 22:56:52 +0000 2016,21,wow,1,,0
718573334250852352,Fri Apr 08 22:56:47 +0000 2016,17,hot,1,,0
718573272992878592,Fri Apr 08 22:56:33 +0000 2016,16,,0,breaking,1
718234991046574080,Fri Apr 08 00:32:20 +0000 2016,16,cool,1,,0
718234935245606913,Fri Apr 08 00:32:07 +0000 2016,12,eager,1,,0
718234788222627840,Fri Apr 08 00:31:32 +0000 2016,3,good,1,,0
718234683801210883,Fri Apr 08 00:31:07 +0000 2016,14,wow,1,,0
718234431383814144,Fri Apr 08 00:30:07 +0000 2016,20,welcome,1,,0
718234384864817152,Fri Apr 08 00:29:56 +0000 2016,19,,0,liar,1
718444077335896064,Fri Apr 08 14:23:10 +0000 2016,14,promise,1,,0
718444035107475456,Fri Apr 08 14:23:00 +0000 2016,23,wow,1,,0
718443883663720448,Fri Apr 08 14:22:24 +0000 2016,14,free,1,,0
718443862100803584,Fri Apr 08 14:22:19 +0000 2016,18,,0,mystery,1
718253995245060096,Fri Apr 08 01:47:51 +0000 2016,14,,0,crazy,1
718411601221554176,Fri Apr 08 12:14:07 +0000 2016,7,,0,rip,1
718256351022092289,Fri Apr 08 01:57:13 +0000 2016,13,,0,unhappy,1
718247616811790336,Fri Apr 08 01:22:30 +0000 2016,20,,0,funny,1
718295620549746692,Fri Apr 08 04:33:15 +0000 2016,15,prominent,1,,0
718295426907127808,Fri Apr 08 04:32:29 +0000 2016,24,wow,1,,0
718295377141768194,Fri Apr 08 04:32:17 +0000 2016,22,well,1,,0
718295305935040516,Fri Apr 08 04:32:00 +0000 2016,20,glad,1,,0
718295182106619904,Fri Apr 08 04:31:31 +0000 2016,23,well,1,,0
718295065626591234,Fri Apr 08 04:31:03 +0000 2016,10,,0,sleazy,1
718512854907793408,Fri Apr 08 18:56:28 +0000 2016,17,,0,funny,1
718238831712018432,Fri Apr 08 00:47:36 +0000 2016,20,welcome,1,,0
718238796735782913,Fri Apr 08 00:47:28 +0000 2016,14,ready,1,,0
718238736153251842,Fri Apr 08 00:47:13 +0000 2016,17,,0,dirty,1
718321975811301376,Fri Apr 08 06:17:59 +0000 2016,7,,0,creepy,1
718306173510934534,Fri Apr 08 05:15:11 +0000 2016,11,like,1,,0
718305988701458433,Fri Apr 08 05:14:27 +0000 2016,18,,0,breaking,1
718529121102536706,Fri Apr 08 20:01:06 +0000 2016,11,,0,failed,1
718486417618444289,Fri Apr 08 17:11:25 +0000 2016,16,,0,breaking,1
718475466223407104,Fri Apr 08 16:27:54 +0000 2016,15,like,1,,0
718475401983631360,Fri Apr 08 16:27:39 +0000 2016,13,,0,solemn,1
718544960027385856,Fri Apr 08 21:04:03 +0000 2016,18,,0,authoritarian,1
718407088179847168,Fri Apr 08 11:56:11 +0000 2016,12,love,1,,0
718407071545352193,Fri Apr 08 11:56:07 +0000 2016,18,lovable,1,,0
718406990414901248,Fri Apr 08 11:55:48 +0000 2016,18,,0,breaking,1
718249539325542405,Fri Apr 08 01:30:09 +0000 2016,5,awe,1,,0
718249505100066818,Fri Apr 08 01:30:01 +0000 2016,11,,0,breaking,1
718552306183090179,Fri Apr 08 21:33:14 +0000 2016,24,,0,problem,1
718441443400941568,Fri Apr 08 14:12:42 +0000 2016,15,,0,conservative,1
718267197005684738,Fri Apr 08 02:40:19 +0000 2016,5,interesting,1,,0
718266928582762498,Fri Apr 08 02:39:15 +0000 2016,17,,0,sad,1
718314766368972801,Fri Apr 08 05:49:20 +0000 2016,10,,0,unhappy,1
718236753769996288,Fri Apr 08 00:39:20 +0000 2016,23,fairness,1,,0
718236746689941504,Fri Apr 08 00:39:19 +0000 2016,7,,0,breaking,1
718584515292057600,Fri Apr 08 23:41:13 +0000 2016,14,,0,lost,1
718272581288206336,Fri Apr 08 03:01:42 +0000 2016,11,well,1,,0
718272554855751680,Fri Apr 08 03:01:36 +0000 2016,17,,0,sad,1
718571831893037060,Fri Apr 08 22:50:49 +0000 2016,25,,0,breaking,1
718367851934040065,Fri Apr 08 09:20:17 +0000 2016,6,lovely,1,,0
718367590150774784,Fri Apr 08 09:19:14 +0000 2016,3,amazing,1,,0
718366121230000128,Fri Apr 08 09:13:24 +0000 2016,18,tempting,1,,0
718365785387876352,Fri Apr 08 09:12:04 +0000 2016,6,like,1,,0
718365683688583169,Fri Apr 08 09:11:40 +0000 2016,8,,0,cheating,1
718394350397366272,Fri Apr 08 11:05:34 +0000 2016,14,liked,1,,0
718394122021769217,Fri Apr 08 11:04:40 +0000 2016,8,,0,cheating,1
718402766448623616,Fri Apr 08 11:39:01 +0000 2016,4,,0,cunts,1
718460330599432193,Fri Apr 08 15:27:45 +0000 2016,8,,0,despised,1
718439697681412096,Fri Apr 08 14:05:46 +0000 2016,18,tempting,1,,0
718439689628192768,Fri Apr 08 14:05:44 +0000 2016,17,,0,delusional,1
718338005736517632,Fri Apr 08 07:21:41 +0000 2016,4,,0,fuck,1
718576524325167104,Fri Apr 08 23:09:28 +0000 2016,20,,0,naughty,1
718304249160024064,Fri Apr 08 05:07:33 +0000 2016,15,happy,1,,0
718304216566140929,Fri Apr 08 05:07:25 +0000 2016,14,well,1,,0
718303939293245441,Fri Apr 08 05:06:19 +0000 2016,11,love,1,,0
718303884205289472,Fri Apr 08 05:06:06 +0000 2016,16,,0,sorry,1
718568784815091712,Fri Apr 08 22:38:43 +0000 2016,18,tempting,1,,0
718568753043103744,Fri Apr 08 22:38:35 +0000 2016,17,liked,1,,0
718568657190694913,Fri Apr 08 22:38:12 +0000 2016,14,,0,lying,1
718297891106856960,Fri Apr 08 04:42:17 +0000 2016,11,hot,1,,0
718297669391818755,Fri Apr 08 04:41:24 +0000 2016,22,thank,1,,0
718297534368784384,Fri Apr 08 04:40:52 +0000 2016,14,liked,1,,0
718297498922696707,Fri Apr 08 04:40:43 +0000 2016,4,,0,dying,1
718418577406033924,Fri Apr 08 12:41:51 +0000 2016,4,,0,cunts,1
718446606610251776,Fri Apr 08 14:33:13 +0000 2016,18,,0,idiot,1
718397398557417472,Fri Apr 08 11:17:41 +0000 2016,18,,0,cunts,1
718349244525060096,Fri Apr 08 08:06:20 +0000 2016,30,wonder,1,,0
718348364832706560,Fri Apr 08 08:02:51 +0000 2016,18,lovable,1,,0
718348197740089347,Fri Apr 08 08:02:11 +0000 2016,21,support,1,,0
718347655638867969,Fri Apr 08 08:00:02 +0000 2016,20,,0,breaking,1
718434458681085952,Fri Apr 08 13:44:57 +0000 2016,18,,0,breaking,1
718308823992283137,Fri Apr 08 05:25:43 +0000 2016,18,,0,breaking,1
718578258267090945,Fri Apr 08 23:16:21 +0000 2016,12,,0,conservative,1
718480898707034114,Fri Apr 08 16:49:29 +0000 2016,20,like,1,,0
718480890070962176,Fri Apr 08 16:49:27 +0000 2016,18,,0,breaking,1
718471655006334977,Fri Apr 08 16:12:45 +0000 2016,18,tempting,1,,0
718471646953213952,Fri Apr 08 16:12:43 +0000 2016,18,lovable,1,,0
718471609137373184,Fri Apr 08 16:12:34 +0000 2016,11,,0,breaking,1
718496084419616770,Fri Apr 08 17:49:50 +0000 2016,19,,0,falls,1
718277201691598849,Fri Apr 08 03:20:04 +0000 2016,6,great,1,,0
718277131940315136,Fri Apr 08 03:19:47 +0000 2016,16,support,1,,0
718277075107450880,Fri Apr 08 03:19:34 +0000 2016,7,favorite,1,,0
718277050889551876,Fri Apr 08 03:19:28 +0000 2016,25,well,1,,0
718277029368565760,Fri Apr 08 03:19:23 +0000 2016,13,,0,irony,1
718543641703108608,Fri Apr 08 20:58:48 +0000 2016,19,,0,authoritarian,1
718501694854680576,Fri Apr 08 18:12:07 +0000 2016,15,,0,fuck,1
718262215825076224,Fri Apr 08 02:20:31 +0000 2016,17,love,1,,0
718261991706607616,Fri Apr 08 02:19:38 +0000 2016,17,,0,sore,1
718522092002615296,Fri Apr 08 19:33:10 +0000 2016,19,wow,1,,0
718522075732844544,Fri Apr 08 19:33:07 +0000 2016,20,,0,wrong,1
718563100232925185,Fri Apr 08 22:16:08 +0000 2016,17,,0,failed,1
718483681153671168,Fri Apr 08 17:00:33 +0000 2016,23,support,1,,0
718483524072947713,Fri Apr 08 16:59:55 +0000 2016,13,fun,1,,0
718483369391177728,Fri Apr 08 16:59:18 +0000 2016,19,top,1,,0
718483158690181120,Fri Apr 08 16:58:28 +0000 2016,18,,0,missed,1
718588986093137920,Fri Apr 08 23:58:59 +0000 2016,19,,0,poor,1
718269042465902592,Fri Apr 08 02:47:39 +0000 2016,11,trusted,1,,0
718268974107136000,Fri Apr 08 02:47:22 +0000 2016,14,win,1,,0
718268883954704386,Fri Apr 08 02:47:01 +0000 2016,18,,0,unbelievable,1
718555723702149120,Fri Apr 08 21:46:49 +0000 2016,18,tempting,1,,0
718555542013276160,Fri Apr 08 21:46:05 +0000 2016,6,happy,1,,0
718555434395770880,Fri Apr 08 21:45:40 +0000 2016,25,fun,1,,0
718555421326217217,Fri Apr 08 21:45:37 +0000 2016,18,top,1,,0
718456684067225600,Fri Apr 08 15:13:16 +0000 2016,23,love,1,,0
718456637980151808,Fri Apr 08 15:13:05 +0000 2016,20,,0,sorry,1
718409635858817024,Fri Apr 08 12:06:19 +0000 2016,4,,0,cunts,1
718251697928347650,Fri Apr 08 01:38:43 +0000 2016,19,,0,sad,1
718379763891630081,Fri Apr 08 10:07:37 +0000 2016,18,,0,breaking,1
718246735433363457,Fri Apr 08 01:19:00 +0000 2016,20,support,1,,0
718246482890133504,Fri Apr 08 01:18:00 +0000 2016,3,awesome,1,,0
718246414015459328,Fri Apr 08 01:17:44 +0000 2016,13,,0,dislike,1
718250668159578112,Fri Apr 08 01:34:38 +0000 2016,16,liked,1,,0
718250617718882305,Fri Apr 08 01:34:26 +0000 2016,16,support,1,,0
718250614678036480,Fri Apr 08 01:34:25 +0000 2016,19,liked,1,,0
718250543710400513,Fri Apr 08 01:34:08 +0000 2016,11,,0,breaking,1
718476787907334144,Fri Apr 08 16:33:09 +0000 2016,26,,0,hell|rail,2
718384350610518018,Fri Apr 08 10:25:50 +0000 2016,24,well,1,,0
718384267299069952,Fri Apr 08 10:25:30 +0000 2016,11,welcome,1,,0
718384195974905857,Fri Apr 08 10:25:13 +0000 2016,22,better|support,2,,0
718384154329686017,Fri Apr 08 10:25:03 +0000 2016,11,welcome,1,,0
718383916084801536,Fri Apr 08 10:24:07 +0000 2016,18,loved,1,,0
718383752536322049,Fri Apr 08 10:23:28 +0000 2016,18,excellent,1,,0
718383593706373120,Fri Apr 08 10:22:50 +0000 2016,18,lovable,1,,0
718383566229544961,Fri Apr 08 10:22:43 +0000 2016,18,tempting,1,,0
718382306730356736,Fri Apr 08 10:17:43 +0000 2016,23,,0,scary,1
718514411422396417,Fri Apr 08 19:02:39 +0000 2016,20,,0,difficult,1
718504472985645056,Fri Apr 08 18:23:10 +0000 2016,10,,0,failed,1
718561568288595968,Fri Apr 08 22:10:02 +0000 2016,14,,0,breaking,1
718534705855893505,Fri Apr 08 20:23:18 +0000 2016,15,thank,1,,0
718534521545748480,Fri Apr 08 20:22:34 +0000 2016,17,wonder,1,,0
718534377530126336,Fri Apr 08 20:21:59 +0000 2016,13,,0,breaking,1
718260332154777600,Fri Apr 08 02:13:02 +0000 2016,14,,0,breaking,1
718428125777043456,Fri Apr 08 13:19:47 +0000 2016,11,,0,breaking,1
718430895653322754,Fri Apr 08 13:30:47 +0000 2016,14,,0,scarier,1
718278328948498433,Fri Apr 08 03:24:33 +0000 2016,20,excellent,1,,0
718278148320817154,Fri Apr 08 03:23:50 +0000 2016,16,support,1,,0
718278122437812225,Fri Apr 08 03:23:44 +0000 2016,10,,0,phony,1
718289423847288832,Fri Apr 08 04:08:38 +0000 2016,7,,0,rip,1
718468663699841024,Fri Apr 08 16:00:52 +0000 2016,7,,0,maniac,1
718538854064635906,Fri Apr 08 20:39:47 +0000 2016,4,,0,disparaging,1
718299792028364800,Fri Apr 08 04:49:50 +0000 2016,3,well,1,,0
718299651049394176,Fri Apr 08 04:49:16 +0000 2016,18,,0,breaking,1
718271345449168896,Fri Apr 08 02:56:48 +0000 2016,17,,0,fuck,1
718459141371600897,Fri Apr 08 15:23:02 +0000 2016,23,,0,despise,1
718581363809644545,Fri Apr 08 23:28:42 +0000 2016,24,happy,1,,0
718581121793937409,Fri Apr 08 23:27:44 +0000 2016,6,,0,cheating,1
718531909555523584,Fri Apr 08 20:12:11 +0000 2016,20,,0,breaking,1
718390811868667904,Fri Apr 08 10:51:31 +0000 2016,8,,0,grudging,1
718497460784623617,Fri Apr 08 17:55:18 +0000 2016,20,,0,bad,1
718465688164282368,Fri Apr 08 15:49:03 +0000 2016,15,,0,dick,1
718548061476114432,Fri Apr 08 21:16:22 +0000 2016,22,like,1,,0
718548039607169024,Fri Apr 08 21:16:17 +0000 2016,20,glad,1,,0
718548033953218561,Fri Apr 08 21:16:15 +0000 2016,23,well,1,,0
718548026328002560,Fri Apr 08 21:16:14 +0000 2016,13,classy,1,,0
718547951358857217,Fri Apr 08 21:15:56 +0000 2016,14,liked,1,,0
718547538492534784,Fri Apr 08 21:14:17 +0000 2016,23,liked,1,,0
718547283596439556,Fri Apr 08 21:13:17 +0000 2016,5,interesting,1,,0
718547195314614273,Fri Apr 08 21:12:55 +0000 2016,13,classy,1,,0
718547104365469696,Fri Apr 08 21:12:34 +0000 2016,12,,0,creepy,1
718541779541200896,Fri Apr 08 20:51:24 +0000 2016,17,liked,1,,0
718541485038112769,Fri Apr 08 20:50:14 +0000 2016,20,,0,moron,1
718416843044712448,Fri Apr 08 12:34:57 +0000 2016,19,,0,cowardly,1
718373318420787201,Fri Apr 08 09:42:00 +0000 2016,25,,0,fell,1
718492274544492544,Fri Apr 08 17:34:41 +0000 2016,23,good,1,,0
718492242294386688,Fri Apr 08 17:34:34 +0000 2016,10,sexy,1,,0
718492097297326081,Fri Apr 08 17:33:59 +0000 2016,19,,0,fraud,1
718241845210390533,Fri Apr 08 00:59:34 +0000 2016,25,best,1,,0
718241825765597185,Fri Apr 08 00:59:30 +0000 2016,17,,0,insult,1
718505845344960512,Fri Apr 08 18:28:37 +0000 2016,12,well,1,,0
718505814772813824,Fri Apr 08 18:28:30 +0000 2016,16,,0,breaking,1
718438795306094592,Fri Apr 08 14:02:11 +0000 2016,16,liked,1,,0
718438624476471296,Fri Apr 08 14:01:30 +0000 2016,14,,0,tired,1
718286176566775808,Fri Apr 08 03:55:44 +0000 2016,18,good,1,,0
718286163765760000,Fri Apr 08 03:55:41 +0000 2016,4,,0,hell,1
718424966920675328,Fri Apr 08 13:07:14 +0000 2016,15,,0,breaking,1
718574646531092480,Fri Apr 08 23:02:00 +0000 2016,18,,0,bomb,1
718533384293617667,Fri Apr 08 20:18:03 +0000 2016,22,right,1,,0
718533375859011584,Fri Apr 08 20:18:01 +0000 2016,11,well,1,,0
718533367499767809,Fri Apr 08 20:17:59 +0000 2016,18,love,1,,0
718533199673102337,Fri Apr 08 20:17:19 +0000 2016,26,like,1,,0
718533129347186689,Fri Apr 08 20:17:02 +0000 2016,5,liberation,1,,0
718533099210944512,Fri Apr 08 20:16:55 +0000 2016,17,liked,1,,0
718533014804795392,Fri Apr 08 20:16:35 +0000 2016,11,,0,stupid,1
718511418010513409,Fri Apr 08 18:50:46 +0000 2016,26,right,1,,0
718511323844382720,Fri Apr 08 18:50:23 +0000 2016,20,,0,scary,1
718455302698369024,Fri Apr 08 15:07:47 +0000 2016,4,,0,damn,1
718467451843973120,Fri Apr 08 15:56:03 +0000 2016,13,,0,limited,1
718266112954253313,Fri Apr 08 02:36:00 +0000 2016,11,loved,1,,0
718266053080559616,Fri Apr 08 02:35:46 +0000 2016,9,better,1,,0
718265977083990016,Fri Apr 08 02:35:28 +0000 2016,20,fair,1,,0
718265967076327424,Fri Apr 08 02:35:25 +0000 2016,14,well,1,,0
718265922616717313,Fri Apr 08 02:35:15 +0000 2016,16,liked,1,,0
718265848314662912,Fri Apr 08 02:34:57 +0000 2016,18,,0,ridiculously,1
718265067997892609,Fri Apr 08 02:31:51 +0000 2016,16,liked,1,,0
718265048624459776,Fri Apr 08 02:31:46 +0000 2016,23,right,1,,0
718264981825929216,Fri Apr 08 02:31:31 +0000 2016,17,love,1,,0
718264968802656257,Fri Apr 08 02:31:27 +0000 2016,12,hot,1,,0
718264871784169479,Fri Apr 08 02:31:04 +0000 2016,21,,0,breaking,1
718489481502822400,Fri Apr 08 17:23:35 +0000 2016,21,,0,stupid,1
718509927174508545,Fri Apr 08 18:44:50 +0000 2016,4,,0,cunts,1
718474233526030337,Fri Apr 08 16:23:00 +0000 2016,18,tempting,1,,0
718474159378989056,Fri Apr 08 16:22:42 +0000 2016,18,,0,breaking,1
718245058831589377,Fri Apr 08 01:12:21 +0000 2016,20,better|qualified,2,,0
718245014938238976,Fri Apr 08 01:12:10 +0000 2016,13,,0,breaking,1
718549406375636992,Fri Apr 08 21:21:43 +0000 2016,17,wow,1,,0
718549400008728576,Fri Apr 08 21:21:41 +0000 2016,18,lovable,1,,0
718549373987262468,Fri Apr 08 21:21:35 +0000 2016,23,wow,1,,0
718549317884051456,Fri Apr 08 21:21:22 +0000 2016,14,,0,sour,1
718493210419576832,Fri Apr 08 17:38:24 +0000 2016,20,enjoy,1,,0
718493106346291201,Fri Apr 08 17:38:00 +0000 2016,11,,0,afraid,1
718519767145951234,Fri Apr 08 19:23:56 +0000 2016,17,,0,corrupt,1
718287664978518018,Fri Apr 08 04:01:39 +0000 2016,20,welcome,1,,0
718287653439979526,Fri Apr 08 04:01:36 +0000 2016,20,welcome,1,,0
718287628588748801,Fri Apr 08 04:01:30 +0000 2016,8,sweet,1,,0
718287487211331585,Fri Apr 08 04:00:56 +0000 2016,20,like,1,,0
718287425429237768,Fri Apr 08 04:00:42 +0000 2016,13,,0,losing,1
718257557417168897,Fri Apr 08 02:02:00 +0000 2016,21,love,1,,0
718257492430557184,Fri Apr 08 02:01:45 +0000 2016,12,,0,conservative,1
718426579471347712,Fri Apr 08 13:13:38 +0000 2016,14,,0,funny,1
718479385909702658,Fri Apr 08 16:43:28 +0000 2016,23,good,1,,0
718479262689411073,Fri Apr 08 16:42:59 +0000 2016,15,good,1,,0
718479150638624769,Fri Apr 08 16:42:32 +0000 2016,24,welcome,1,,0
718479127934853122,Fri Apr 08 16:42:27 +0000 2016,18,,0,breaking,1
718565978129321984,Fri Apr 08 22:27:34 +0000 2016,21,good,1,,0
718565836764491776,Fri Apr 08 22:27:00 +0000 2016,1,love,1,,0
718565817743450113,Fri Apr 08 22:26:55 +0000 2016,20,well,1,,0
718565642325000193,Fri Apr 08 22:26:14 +0000 2016,17,well,1,,0
718565585785782272,Fri Apr 08 22:26:00 +0000 2016,8,liked,1,,0
718565549710528512,Fri Apr 08 22:25:52 +0000 2016,18,,0,crazy,1
718450372482768896,Fri Apr 08 14:48:11 +0000 2016,17,,0,breaking,1
718239941763928064,Fri Apr 08 00:52:01 +0000 2016,28,,0,mystery,1
718537566413164545,Fri Apr 08 20:34:40 +0000 2016,21,liked,1,,0
718537195687059456,Fri Apr 08 20:33:11 +0000 2016,21,wow,1,,0
718537087226679300,Fri Apr 08 20:32:46 +0000 2016,15,love,1,,0
718536868015394816,Fri Apr 08 20:31:53 +0000 2016,11,,0,conservative,1
718555324580544513,Fri Apr 08 21:45:14 +0000 2016,12,,0,breaking,1
718261230641758209,Fri Apr 08 02:16:36 +0000 2016,4,,0,lying,1
718472998265589760,Fri Apr 08 16:18:06 +0000 2016,22,,0,bias,1
718587563859058688,Fri Apr 08 23:53:20 +0000 2016,12,whoa,1,,0
718587531164450816,Fri Apr 08 23:53:12 +0000 2016,9,interesting,1,,0
718587403703857155,Fri Apr 08 23:52:42 +0000 2016,13,wow,1,,0
718587343591063552,Fri Apr 08 23:52:28 +0000 2016,11,worth,1,,0
718587306542649344,Fri Apr 08 23:52:19 +0000 2016,6,good,1,,0
718587297785061376,Fri Apr 08 23:52:17 +0000 2016,18,lovable,1,,0
718587287018332160,Fri Apr 08 23:52:14 +0000 2016,8,,0,cheating,1
718252747540336640,Fri Apr 08 01:42:54 +0000 2016,24,,0,rogue,1
718498946075590656,Fri Apr 08 18:01:12 +0000 2016,9,,0,alarm,1
718405122657751041,Fri Apr 08 11:48:23 +0000 2016,13,,0,sin,1
718273886983438336,Fri Apr 08 03:06:54 +0000 2016,18,wow,1,,0
718273784579534848,Fri Apr 08 03:06:29 +0000 2016,10,admirable,1,,0
718273744607846405,Fri Apr 08 03:06:20 +0000 2016,9,,0,creepy,1
718290855128395776,Fri Apr 08 04:14:19 +0000 2016,7,sexy,1,,0
718290634541555714,Fri Apr 08 04:13:27 +0000 2016,17,kudos,1,,0
718290610915045376,Fri Apr 08 04:13:21 +0000 2016,13,like,1,,0
718290492488880128,Fri Apr 08 04:12:53 +0000 2016,19,,0,shame,1
718301837003251712,Fri Apr 08 04:57:58 +0000 2016,18,,0,breaking,1
718442825864470528,Fri Apr 08 14:18:12 +0000 2016,15,,0,breaking,1
718550852085157888,Fri Apr 08 21:27:27 +0000 2016,17,,0,bomb,1
718242994630062083,Fri Apr 08 01:04:08 +0000 2016,15,interesting,1,,0
718242828980260868,Fri Apr 08 01:03:29 +0000 2016,20,support,1,,0
718242679545532416,Fri Apr 08 01:02:53 +0000 2016,21,like,1,,0
718242455519379457,Fri Apr 08 01:02:00 +0000 2016,15,lucky,1,,0
718242321372995586,Fri Apr 08 01:01:28 +0000 2016,14,,0,miss,1
718557088348155904,Fri Apr 08 21:52:14 +0000 2016,14,,0,breaking,1
718282192217116672,Fri Apr 08 03:39:54 +0000 2016,14,,0,moron,1
718567265503981568,Fri Apr 08 22:32:41 +0000 2016,7,thank,1,,0
718567251859894274,Fri Apr 08 22:32:37 +0000 2016,14,,0,heck,1
718233885797179393,Fri Apr 08 00:27:57 +0000 2016,14,,0,fear,1
718245956551110656,Fri Apr 08 01:15:55 +0000 2016,10,,0,conservative,1
718274986012708864,Fri Apr 08 03:11:16 +0000 2016,15,loving,1,,0
718274792307171330,Fri Apr 08 03:10:30 +0000 2016,11,,0,blah,1
718343827514384384,Fri Apr 08 07:44:49 +0000 2016,24,,0,funny,1
718530384682737664,Fri Apr 08 20:06:08 +0000 2016,12,top,1,,0
718530279845986304,Fri Apr 08 20:05:43 +0000 2016,15,,0,moron,1
718362082983481344,Fri Apr 08 08:57:21 +0000 2016,18,tempting,1,,0
718361823699996673,Fri Apr 08 08:56:19 +0000 2016,24,,0,disgruntled,1
718415158066941952,Fri Apr 08 12:28:15 +0000 2016,18,,0,breaking,1
718400133096873989,Fri Apr 08 11:28:33 +0000 2016,17,hooray,1,,0
718400028889362432,Fri Apr 08 11:28:08 +0000 2016,18,,0,breaking,1
718507257474908160,Fri Apr 08 18:34:14 +0000 2016,2,,0,rip,1
718485090540474368,Fri Apr 08 17:06:09 +0000 2016,17,,0,unbelievable,1
718423439556521984,Fri Apr 08 13:01:10 +0000 2016,15,wonder,1,,0
718423345218351104,Fri Apr 08 13:00:47 +0000 2016,9,,0,sorry,1
718421942315823104,Fri Apr 08 12:55:13 +0000 2016,21,,0,sick,1
718490911760486400,Fri Apr 08 17:29:16 +0000 2016,18,,0,breaking,1
718325545151438849,Fri Apr 08 06:32:10 +0000 2016,15,,0,breaking,1
718586026873126912,Fri Apr 08 23:47:14 +0000 2016,20,,0,creepy,1
718264020277575681,Fri Apr 08 02:27:41 +0000 2016,16,,0,scared,1
718520962711494656,Fri Apr 08 19:28:41 +0000 2016,19,amazed,1,,0
718520924115464192,Fri Apr 08 19:28:32 +0000 2016,8,incredible,1,,0
718520752438423552,Fri Apr 08 19:27:51 +0000 2016,23,support,1,,0
718520640660226048,Fri Apr 08 19:27:24 +0000 2016,18,terrific,1,,0
718520238971727872,Fri Apr 08 19:25:49 +0000 2016,15,,0,moron,1
718270069252481025,Fri Apr 08 02:51:43 +0000 2016,15,,0,angry,1
718523530145607680,Fri Apr 08 19:38:53 +0000 2016,20,,0,naughty,1
718527528080531456,Fri Apr 08 19:54:46 +0000 2016,23,,0,breaking,1
718311897687269378,Fri Apr 08 05:37:56 +0000 2016,6,support,1,,0
718311622448701440,Fri Apr 08 05:36:51 +0000 2016,24,love,1,,0
718311597131882499,Fri Apr 08 05:36:44 +0000 2016,3,,0,fuck,1
718457897190076418,Fri Apr 08 15:18:05 +0000 2016,18,tempting,1,,0
718457830710202368,Fri Apr 08 15:17:49 +0000 2016,11,,0,conservative,1
718462062704263168,Fri Apr 08 15:34:38 +0000 2016,4,,0,cunts,1
718284864584290304,Fri Apr 08 03:50:31 +0000 2016,14,good,1,,0
718284861786730496,Fri Apr 08 03:50:30 +0000 2016,13,liked,1,,0
718284836952215552,Fri Apr 08 03:50:24 +0000 2016,3,,0,stuck,1
718448848880832512,Fri Apr 08 14:42:08 +0000 2016,15,liked,1,,0
718448797144190977,Fri Apr 08 14:41:56 +0000 2016,17,,0,breaking,1
718540603693342720,Fri Apr 08 20:46:44 +0000 2016,20,,0,naughty,1
718502624992079872,Fri Apr 08 18:15:49 +0000 2016,14,,0,stupid,1
718582843400667136,Fri Apr 08 23:34:35 +0000 2016,23,,0,poor,1
718333550865563648,Fri Apr 08 07:03:59 +0000 2016,11,,0,desperate,1
718235894558388228,Fri Apr 08 00:35:56 +0000 2016,17,good,1,,0
718235841219457025,Fri Apr 08 00:35:43 +0000 2016,14,liked,1,,0
718235676072943617,Fri Apr 08 00:35:04 +0000 2016,12,support,1,,0
718235639582441472,Fri Apr 08 00:34:55 +0000 2016,19,liked,1,,0
718235504504913924,Fri Apr 08 00:34:23 +0000 2016,13,,0,breaking,1
718451634263748608,Fri Apr 08 14:53:12 +0000 2016,12,wow,1,,0
718451571516903424,Fri Apr 08 14:52:57 +0000 2016,18,,0,breaking,1
718463398166556672,Fri Apr 08 15:39:57 +0000 2016,14,,0,wretched,1
718293654998290433,Fri Apr 08 04:25:27 +0000 2016,12,,0,funny,1
718546490344361984,Fri Apr 08 21:10:07 +0000 2016,18,,0,authoritarian,1
